model,SMAPE,MAE,MAPE,RMSE,n
AutoTFT,,,,,3
AutoPatchTST,25.27353067356264,1.1235841115315754,31.792945861816406,1.3886685661272407,3
